{
  "products": [
    {
      "id": 1,
      "name": "Phone XL",
      "price": 799,
      "description": "A large phone with one of the best screens"
    },
    {
      "id": 2,
      "name": "Phone Mini",
      "price": 699,
      "description": "A great phone with one of the best cameras"
    },
    {
      "id": 3,
      "name": "Phone Standard",
      "price": 299,
      "description": "A phone is a phone with capitol P"
    }
  ],
  "prices": [
    {
      "type": "1-Giorno",
      "price": 25.99
    },
    {
      "type": "2-Giorni",
      "price": 9.99
    },
    {
      "type": "5-Giorni",
      "price": 2.99
    }
  ]
}
